query,cluster,intent,target_url,page_status,priority,evidence_type,evidence_date,volume,notes
animated React components,library discovery,compare component sources,https://000h.cojeev.com/,live,P1,"bounded web-search sample and strategic hypothesis",2026-09-17,unavailable,"A 17 Sep bounded web-search sample included Animata's animated React component page: https://animata.design/. This is one observed result source, not controlled Google ordering, a rank, or volume."
shadcn component library,shadcn ecosystem,choose a source-owned library,https://000h.cojeev.com/getting-started/,live,P1,"bounded web-search sample and repository installation contract",2026-09-17,unavailable,"A 17 Sep bounded web-search sample included official shadcn component documentation: https://ui.shadcn.com/docs/components. It is a result source, not controlled Google ordering, a rank, or volume."
shadcn registry components,shadcn ecosystem,install a registry component,https://000h.cojeev.com/getting-started/,live,P1,"official directory and live registry",2026-09-17,unavailable,"Official directory lists @000h-cojeev while live registry advertises @cojeev; resolve namespace before making the directory command primary."
React component library,library discovery,compare libraries,https://000h.cojeev.com/,live,P2,"strategic hypothesis",2026-09-17,unavailable,"Broad query; homepage is the one primary destination until a separate comparison guide has first-hand evidence."
Tailwind React components,library discovery,browse components,https://000h.cojeev.com/docs/,live,P2,"strategic hypothesis and live catalogue",2026-09-17,unavailable,"Live docs index is in the sitemap; no volume, position, or difficulty supplied."
copy paste React components,source ownership,obtain editable source,https://000h.cojeev.com/getting-started/,live,P2,"repository installation contract",2026-09-17,unavailable,"Repository describes source installation; a copy action is an intent event, not an install."
React bento grid component,component task,implement a bento layout,https://000h.cojeev.com/docs/bento-grid/,live,P1,"bounded web-search sample and sampled page",2026-09-17,unavailable,"A 17 Sep bounded web-search sample included Magic UI's Bento Grid page: https://magicui.design/docs/components/bento-grid. This is an observed result source, not controlled Google ordering, a rank, or volume."
React motion drawer component,component task,implement a motion drawer,https://000h.cojeev.com/docs/motion-drawer/,live,P1,"bounded web-search sample and sampled page",2026-09-17,unavailable,"A 17 Sep bounded web-search sample included react-motion-drawer: https://www.npmjs.com/package/react-motion-drawer. This is an observed result source, not controlled Google ordering, a rank, or volume."
animated icon React,component task,add an animated icon,https://000h.cojeev.com/docs/animated-icon/,live,P1,"sampled page and strategic hypothesis",2026-09-17,unavailable,"Target is public and canonical; query volume and result position are unavailable."
React Button component,component task,add a button,https://000h.cojeev.com/docs/button/,live,P2,"sampled page and strategic hypothesis",2026-09-17,unavailable,"Target is public and canonical; broad primitive intent may be competitive."
React Dialog component,component task,add a dialog,https://000h.cojeev.com/docs/dialog/,live,P2,"sampled page and strategic hypothesis",2026-09-17,unavailable,"Target is public and canonical; no rank or volume supplied."
React charts components,category hub,browse chart components,https://000h.cojeev.com/components/data-and-charts/,planned,P2,"strategic hypothesis",2026-09-17,unavailable,"Planned SEO-04 collection URL; publish only after the guide has distinct useful content and a canonical index decision."
React background effects,category hub,browse visual effects,https://000h.cojeev.com/components/backgrounds-and-visual-effects/,planned,P2,"strategic hypothesis",2026-09-17,unavailable,"Planned SEO-04 collection URL; no present route or volume claim."
React 3D components,category hub,browse creative components,https://000h.cojeev.com/components/3d-and-creative-tools/,planned,P2,"strategic hypothesis",2026-09-17,unavailable,"Planned SEO-04 collection URL; support claims need component-specific evidence."
animated text React,category hub,browse text motion,https://000h.cojeev.com/components/animated-text-and-motion/,planned,P1,"strategic hypothesis",2026-09-17,unavailable,"Planned SEO-04 collection URL; retain one primary destination for the cluster."
reduced motion React components,accessibility guide,learn motion preferences,https://000h.cojeev.com/guides/reduced-motion-components/,planned,P2,"source guide evidence and strategic hypothesis",2026-09-17,unavailable,"Publish only after a first-hand guide documents verified component behaviour; no blanket accessibility claim."
Next.js component installation,framework guide,install 000h in Next.js,https://000h.cojeev.com/guides/nextjs-installation/,planned,P2,"strategic hypothesis",2026-09-17,unavailable,"Requires a clean consumer-install record before publishing the guide."
Vite React component installation,framework guide,install 000h in Vite,https://000h.cojeev.com/guides/vite-react-installation/,planned,P2,"existing clean-consumer evidence and strategic hypothesis",2026-09-17,unavailable,"K05-1 recorded a Vite consumer for six components; a public guide still needs scoped review."
Tailwind CSS 4 component library,framework guide,choose Tailwind v4-compatible source,https://000h.cojeev.com/guides/tailwind-css-4-components/,planned,P2,"repository requirements and strategic hypothesis",2026-09-17,unavailable,"Repository requirements are the evidence; do not use it as a universal compatibility promise."
000h by Cojeev,brand/entity,navigate to the product,https://000h.cojeev.com/,live,P1,"live title/canonical and strategic hypothesis",2026-09-17,unavailable,"Brand target; Search Console is required to establish branded impressions or clicks."
